Sample,REC31812,REC31828,40592-V08H,40021-V08H,40600-V08H,40601-V08H,40607-V08H
COVID-101,3589.5,1047.5,1628,5218,6933,9472,7644.5
COVID-112,1854,4622.5,1683,12536,9534.5,21423,31200
COVID-123,1989,2092,723,4110.5,2651.5,8134,7251
COVID-211,1337,746.5,885,11994,4043.5,10007,4707
COVID-222,2365,1343.5,3480.5,6685,5503,20558,16014
COVID-233,1659.5,551.5,1430.5,1560,4842,9543,6440.5
COVID-245,2148,2162,2331,16488,3253,10569.5,11969.5
COVID-256,4022.5,1195,2153.5,9306,2600,11159,8912
COVID-102,1798,4806,2685,7624,4252,2910,12350
COVID-113,2746,1702,1229,6178.5,3203,6636,11752
COVID-201,881,282,387,8686,926,4560,7279
COVID-212,2354,1213,1222,7162,3829,5037,10406
COVID-223,1310,1742,614.5,6583,2870,7531,16179
COVID-234,4101,2731,1362.5,30888.5,6896,10225,17147
COVID-246,2366,1385.5,1232.5,11169,4225,21861,18978.5
COVID-257,3297,1821,2569,5983,2646,3053,20662
COVID-103,1763.5,1672,2777,19071,3124,5102.5,11863
COVID-114,2690.5,663,1154,6362.5,2684.5,8765,8811
COVID-202,1403,1200,1611,18425,4699,9578.5,18079
COVID-213,1254,524.5,1031,10097,1784,8534,16464.5
COVID-224,960,609,1625,21192,14228.5,29701,15778
COVID-235,2464,1550,3089,25539,4323.5,8160,13904
COVID-247,3574.5,796,1134.5,3948.5,10406,20454,12419
COVID-258,3705,1116,1342.5,2870.5,2228,3613,14898.5
COVID-104,1383.5,1178,1141.5,3974,2047,4137,18609
COVID-115,8837,1715,3073.5,7958,2462.5,5037.5,9759.5
COVID-203,1953,3064,2060,9460,4131.5,10170.5,13309.5
COVID-214,2263,2242,1130,8075.5,4058,19785,15683.5
COVID-225,3637,1556.5,1618,4808,2924,2858,13442
COVID-236,1838.5,1748.5,7208,6673,4099,12715.5,9815.5
COVID-248,3623,6625,2219,9840.5,7795,9701,20834.5
COVID-259,3281,1698,1171.5,12147,3080,10182,18794
COVID-105,1492,3195,627,8546,3162,5419,20096.5
COVID-116,552.5,1284.5,579,17929.5,716,2691,7275
COVID-204,4370.5,1940,1685,10932,5084,16589,10557
COVID-215,6819.5,782,685,8863.5,3049.5,12645,19094
COVID-226,4104,2787,3522,20627.5,7985.5,11217.5,14824
COVID-237,1963,2319,1585,4721,11240,23209.5,10215
COVID-249,2480,1341,1911,5436.5,972,1822,17514.5
COVID-260,2287.5,2862,1418,7917,1385,15087.5,24144
COVID-106,2234,797,902.5,13293,3497,10119,13924
COVID-117,321,210,206,334,213.5,534,1817.5
COVID-205,1446,1029,1459.5,7916,2293,5818.5,11570
COVID-216,1425,738,586,6764,2469.5,10039,14342
COVID-227,1892.5,1681,2761,4637,2517,9135.5,12041
COVID-238,1037,521,655,5948.5,2787,13173,9358.5
COVID-250,1555,3375,974.5,4237.5,3951,11735,12829
COVID-261,3826,2039,1328.5,10399,8607,15259,22876
COVID-107,3053,5766.5,1432,2242.5,2775,3672,16725.5
COVID-118,2084.5,3921,2488,7059,1937,14241,12561.5
COVID-206,1134.5,1234.5,1332,18725,1352,6806,10204.5
COVID-217,1348,822,1093,10012,4488,14091,20777
COVID-228,1523,3992,1937.5,15153.5,3801,11746,13535
COVID-239,1465.5,750.5,1108.5,1671.5,2662,10602,16165
COVID-251,1459.5,959,994,14357,2819,22299,22379.5
COVID-262,1946,4545,1780.5,37150,5396,14566,23867
COVID-108,2458,2235,2333,4613,2224,4349,9070.5
COVID-119,1228,5022,953.5,4760,1725,5885,8555.5
COVID-207,1469,1508,1521,11971,1392,2359.5,6979
COVID-218,2906.5,888.5,1085.5,11656,10079.5,16513.5,23106
COVID-229,1134.5,421,649,3212.5,1204.5,3822,7109
COVID-240,4089,770,1208,6383,1615,3176,4643
COVID-252,1615,1358,1751,13201,3189,8982.5,18194
COVID-263,4522,1130,1964,1207,4945,22022,6083.5
COVID-109,2419,615,1349,6533,4337,9897.5,19370
COVID-120,1274.5,448.5,694.5,1211,3459,11760,8603.5
COVID-208,600,801,317,3437,1262,6368,8385
COVID-219,2278,3081,1429.5,3015,1761,3876.5,7170
COVID-230,2622,1875.5,1141.5,6314,3860,8333,6391
COVID-242,3915.5,1513,1027,4121,1257,9672,6304
COVID-253,1451.5,929,776,7996,1130,10133,12773
COVID-264,2591,1201,2095,11506,2834,5066,14736
COVID-110,1679.5,530,908,4930,756,1456,7164
COVID-121,3018,2512,5234,2906.5,1218,6634,15739
COVID-209,1806,837,1349,6806,2301,8847,15373
COVID-220,2173.5,3289,3268,8499.5,628,2649.5,6502
COVID-231,2596,540,855.5,9888.5,7705,17710,24421
COVID-243,1582,2477,1251.5,8264.5,3978.5,12016,5325
COVID-254,1171,8199,1037,5034,859,3553,13432
COVID-265,2086,6536,2236,3529.5,4346,10784,11377.5
COVID-111,2884,5432,8021,1491.5,1458,2933,8193
COVID-122,1190.5,890,706,8905.5,5429,19417,19220.5
COVID-210,2176.5,1930,1450.5,1526,1915,5999,6471
COVID-221,1853,560.5,563,17105.5,848,2114,13805
COVID-232,1896,846,2325.5,7884,1379,2200,5829
COVID-244,2239,621,1442.5,5809,2602.5,6420.5,13061
COVID-255,2355,8758,3165.5,13574,3012,13186,36100.5
COVID-266,1307,4446.5,702.5,10294,3546,11088.5,13565
COVID-151,1892,1914,1743.5,7578.5,9827.5,22714,29101.5
COVID-162,1975,637.5,2493,5456,1230,11785,11677
COVID-152,4181,867,2560,1782,1312,6478,12945
COVID-163,4235,2185,2319,6146,4001,6526,4836
COVID-153,1689.5,3774,1964,18436.5,6420,11780.5,24052
COVID-164,2088.5,776,1611.5,8770,2699,3112,18679
COVID-154,5550,1159,2668.5,2779,3671,4633.5,11026.5
COVID-165,4316,5911,3119,2303,8169,14685,8876
COVID-155,1761,920,729,30808,4813,10776,19347
COVID-166,2084,2121,2027,3643,5817,16990,9592
COVID-156,6438,2737.5,1537.5,29471,6772,22691,20477
COVID-167,30416,6668,1786,5027,3332,11517,11324.5
COVID-157,2039,1335.5,703,3602,3872,8043.5,18309.5
COVID-168,2098,2288,1224,18344.5,10471,13759.5,28133
COVID-158,2707,9819,4565,12892,5055,3765,20016
COVID-169,5665,1537.5,816,11136.5,7144,2779,19186
COVID-159,2393,652,1627,7422,7144,14694,8170
COVID-267,2885,5007,1099,49325,15850.5,4527,18482.5
COVID-160,2781.5,908.5,1568,5741,2475,8553,23221
COVID-161,2981.5,985.5,1359,4333.5,7889,8611,14901
COVID-1,1915,10834,858,1363.5,3267.5,16007.5,22991
COVID-12,4616.5,2820,4581,22691,2005,3532,12362
COVID-23,4378,1483.5,1036,9976.5,2000,5399,15334.5
COVID-46,3434.5,1350.5,1525,18298.5,1711,3695.5,15182
COVID-55,5779.5,2393.5,2870,5643,1570,13751.5,8119.5
COVID-66,3379.5,3108,3641,11003,8960,10604.5,15550
COVID-77,1940,3126,1964,3803.5,3658,11175.5,21249.5
COVID-88,2367,1468,786,10069,2877,12266,19094
COVID-2,13432,7627,2040.5,2853,11178,18310,17572
COVID-13,4583,1495,2017,2433,1872,11144,9326
COVID-24,6372,2882,1115.5,4246,1372,2701,7240
COVID-56,1558,966,4312,16716.5,5611,22922,18851.5
COVID-67,2956.5,3040,5169.5,16977,2854,6955,22322
COVID-78,2700,7605,3740,8922,1766.5,7709,24052
COVID-89,3463,7264,1917,11506,3895,11668,20154
COVID-3,5823.5,2015,2272.5,11264,4720,4876,20685
COVID-14,2638.5,469.5,1099.5,5368.5,2300.5,2347.5,6556.5
COVID-25,2017,542,916,5617,1735.5,10247,9166.5
COVID-57,5663.5,2794.5,5303,23567,3798,14359.5,27695
COVID-68,2892.5,1106,650,8821,1995,4930.5,8985
COVID-79,3305,4506,2219,17334,3159,17381,25689
COVID-90,3962,4434.5,3337,7392,1926,1811,8203.5
COVID-4,2852,187,174.5,2184,740.5,2042.5,2133
COVID-15,2174.5,1950,1747.5,6428.5,3349.5,1497,14529
COVID-26,3560,799,947.5,10965,7717,7402.5,5517
COVID-47,2979,1367,1109,2044,7422,16385,20396.5
COVID-58,3421.5,1485,3233,11802,4790,14436,10992
COVID-69,1921,8699.5,934,5273.5,5394,2824,14807.5
COVID-80,1818.5,2119,858,3666,1200.5,8275,10412
COVID-96,3404,1105,881,4811.5,3979,17606.5,14640.5
COVID-5,2199,909,1225.5,4686,719,651,19647
COVID-16,4894,2374,2972,3115,3086,10392,11948
COVID-27,3503.5,2860,2511,14179.5,3697.5,13090,7022
COVID-48,7505,5060,4326,13243,1965,7288.5,21722.5
COVID-59,2926,1361,982,3463,2037.5,10899,16530.5
COVID-70,2461.5,3259,4636.5,2891,6340,14079,16448
COVID-81,2567,986,1173.5,6095.5,5069,18656,8166
COVID-97,5338,639,728.5,5645,2003,17321,5408
COVID-6,5134,3418,3236,22518.5,2675,9032,20985
COVID-17,7222.5,751,1565.5,13947.5,2725,13092,24052
COVID-40,2851.5,1116,911,2254,3090,8299.5,19947
COVID-49,2095,1761,2367.5,36700,7954,11190,22253
COVID-60,1492,720.5,1158,5093,3880.5,14243.5,13574.5
COVID-71,3822,3990,1746.5,5721,2777,4134,9438.5
COVID-82,1959,647,772,2080.5,6276.5,15501,8789
COVID-98,1574,1319,1409.5,26196,1406,14251.5,19266.5
COVID-7,3835,1262,2441,14969,1981.5,7982,10463
COVID-18,649,631,1858,28283.5,169,262,10754
COVID-41,8894.5,822,1317.5,12353,4597,16577,20085
COVID-50,4075.5,1399,1549.5,4041,5527,10370,22714
COVID-61,4356.5,734.5,1341,5448,3720,10701.5,9007
COVID-72,5356,2781.5,3107.5,6310,2754,3464,20961.5
COVID-83,1417,7812.5,877,1296,2491,15871,11683
COVID-551,2635,1574,1478,8107,3195,6084,7472
COVID-8,5102.5,1125,974,9181,4102.5,17131,26727
COVID-19,2686,760,923.5,17918,2313,4233,15533
COVID-42,3190,1673,555,942,1270,4948.5,9412
COVID-51,5192.5,2782,2616.5,8285.5,8476.5,10085,13490
COVID-62,2226.5,807.5,1373.5,3785,761,2669,11430.5
COVID-73,1829,922,1301.5,18448,4029.5,8005,25181.5
COVID-84,2524.5,556,1252,7924.5,3406.5,6116,10717.5
COVID-552,2317,1858.5,2027.5,6948,6229.5,17941,13784.5
COVID-9,1896,1347.5,968,3579,11414.5,37265,12770
COVID-20,1367,21492,999,1232.5,1724,4344.5,22253
COVID-43,2882,1993,2389.5,5197,2609.5,6986,18551.5
COVID-52,3443.5,1308.5,2911.5,7159,4218,10483,20085
COVID-63,4317,1187.5,1316,2080,1278,11205.5,18586
COVID-74,1805,937,771.5,4314.5,4504,11608,20039
COVID-85,3618,1913,2997.5,13583,7909.5,13446,18321.5
COVID-553,3359,737,849,17618,867.5,5344.5,19716
COVID-10,3795.5,1449,3951,1022,2895,2547,10480.5
COVID-21,1715,577,1145,4362.5,1272,5344,17444.5
COVID-44,3600.5,1555,2253.5,9393,2756.5,8744,13828.5
COVID-53,918,2019.5,893.5,7448,4999,18287,14570
COVID-64,2668,2230,3709,2329,4458,4781,11758
COVID-75,2433,6315.5,1933.5,7185,1450,6667,21618.5
COVID-86,1697,850,3641,6261,5019,25966,12996
COVID-554,3909,5044.5,3192,3020,2872,8096.5,18932
COVID-11,1440.5,4958,995,5474,2891,17037.5,16158
COVID-22,2511.5,6075,1094,12952.5,3815,10695,14918
COVID-45,1119,2144,567,6734.5,1131,6522,18102
COVID-54,3678,1672.5,1913,2775,7130,18667.5,17998.5
COVID-65,5119,6027.5,3347,3379.5,3123,6629.5,13085
COVID-76,1363,909.5,3667,1417,2388,6855,13544
COVID-87,9383.5,2981,3697.5,1897,3093,4824,12755
COVID-555,2222.5,1640,1653,11643,1603,8512,11276.5
COVID-125,3156.5,1513,969.5,4034,1424,7144,15647
COVID-135,1051,437,2385,829.5,322,1933,3352.5
COVID-146,5105.5,1127.5,1108.5,8555,9721,11720,19670
COVID-274,3883,6337,1218,9289,4538.5,8948,38141
COVID-559,2963.5,14628.5,2490.5,20615.5,5234,5707,31373.5
COVID-570,2055,1842.5,1368,30186,5541,20385,24951
COVID-126,4075.5,908,1481,13536,3901.5,10612,17074
COVID-136,2264.5,618,803,8306,3218,5816,14141
COVID-147,3362,6067,860.5,21630,6280.5,17236,23394.5
COVID-275,1326,913,974,2560,4595,5991,7487.5
COVID-560,10024,795.5,846.5,11483,9423,27441,18794
COVID-571,1554,3032,5408,18574.5,2527,6591.5,14325.5
COVID-127,2246.5,5244,1012,2238,7228,43676,22022
COVID-137,1585.5,6844,1512,4600,4563,10601.5,16282.5
COVID-148,779.5,2013,1808.5,20938.5,2580,16766,22045
COVID-276,3082,5589.5,1270,1415,2716,16026.5,14204
COVID-561,5673.5,2941,1378,22702.5,7213,11631,26046.5
COVID-572,4851,674,1048,3636,7119.5,26473,11155
COVID-128,4513,3102.5,2072,15488.5,3203,8148.5,23706
COVID-138,5644,2119,1836,18794,6648,7413,26335
COVID-149,2101,1873.5,962,3250,2131,7744.5,17368
COVID-277,2237,2473,485,6457,5222,13448,9057.5
COVID-562,3443.5,13374,1648,4321.5,6403,10382,25435
COVID-573,1378.5,2196.5,1070.5,5469.5,1588,10087,13553
COVID-129,2451,1061,1304.5,17017,10289,12551,12165
COVID-139,2277,1256.5,1039.5,3661,7288,19440,16264
COVID-150,2875,663,892,8087,6360,7086,6855
COVID-278,2583.5,2770.5,1575,9670.5,2889,8506.5,20754
COVID-563,1378,2586.5,1131,33160,1697,5856,14510
COVID-574,2731.5,7582,1460.5,6095,4977,7909,14021.5
COVID-130,1320,466.5,384,13142.5,5705.5,6908,11809
COVID-140,5274,1133,1704,13783,3028,5914,7374
COVID-268,4323.5,7423,5417,15332,6774.5,23314,17618
COVID-279,2460,6620,1117,14378.5,1143,6189,12991.5
COVID-564,1688,17158,1551,17139,4821.5,11165.5,26657
COVID-575,2701,1138,1070,4843,2699,3563,10604.5
COVID-124,1899.5,1126,918,1173,1967,5992,4888
COVID-141,3384,1169,1570.5,2283,4500,11344,16583.5
COVID-269,7450,1213,1325.5,7601,1675.5,11972,11796
COVID-280,25792.5,31477,30900,3126,5458,27545.5,17906.5
COVID-565,3086.5,4610,914,14432.5,4853.5,15886.5,24109.5
COVID-131,3867.5,2289.5,1098,1821.5,3465,3604,6145
COVID-142,6081.5,1740,3230,6247,2422,4392,17122
COVID-270,3790,1265,2413.5,18886,2953.5,3688.5,26980
COVID-281,2834.5,1453,901.5,16302,8202,14130,15168
COVID-566,2000,343,574,7127.5,1265,3073.5,7177
COVID-132,9269,2176,1259,4583.5,3941,9966,15854
COVID-143,4548,1013.5,2281,12858.5,7096.5,9413,15507
COVID-271,3355,1088,1069,22852.5,6026.5,10148.5,22945
COVID-556,4644.5,4280,5518,3048.5,3619,11776,13445
COVID-567,3092,2057.5,1259,17226,2819,8069,11787
COVID-133,2047,2059.5,1875,3935.5,2340,13477,18471
COVID-144,2744,4281,1331,7512,4384,6397,11596.5
COVID-272,2230.5,733.5,942.5,4625,2214,13016,18863
COVID-557,8600,2477,2369,11570,2447,14241,19509
COVID-568,2628.5,2537.5,1487,3531,1376,8194,10889
COVID-134,3991.5,616,920,3862,3268,12356.5,10732.5
COVID-145,4385,2109,2285,8732,2245,7912,25850
COVID-273,841,5000,1498.5,7194,3493,4422,17526
COVID-558,1874.5,1269,1316,8104,6168,10148,8910
COVID-569,4964,3418,1571,11357,3133,8360.5,20247
COVID-170,4627,1202.5,1678,13911,8680,29425,35489
COVID-181,2411.5,1098.5,498,4506,8080,32976,21838
COVID-192,2170,3976.5,1485.5,12973.5,5393,16346,30209
COVID-401,2370.5,1595.5,1567,13450.5,6606.5,24259,32457
COVID-412,1887.5,1394,977,20477,8201.5,12258.5,11387
COVID-423,1608.5,19935.5,1079,7717.5,9228,15512.5,30658.5
COVID-452,5721,14997.5,2899.5,7055,2739,17456,20419.5
COVID-463,2347,4313,3790,6217,2209,3443,15356
COVID-171,5126,1844,1795,32330,11841,12360,22829
COVID-182,4446,634,1060,3956.5,2113,3048,18656
COVID-193,1857,4258,631,43860,1274.5,3936,29551.5
COVID-402,2268,2835,3232.5,9566,3303,8552,17015
COVID-413,3775,1160,4005,6922.5,5457,12774,8428
COVID-424,1860.5,906,964,18367.5,2040.5,6328,9013
COVID-453,4743.5,9775,1972,5108,3426,8431,14004
COVID-464,1838.5,807.5,1038,10745,5256.5,12961,21100
COVID-172,3794.5,1077,2216,17618,7646.5,5455,18667.5
COVID-183,2684,1646,1875.5,2745,1735,3490,3195
COVID-194,2628,1739,3082,2296,4871,8503,12651.5
COVID-403,2460,2022,1047.5,15254,1513,7148,18264
COVID-414,1732,3713.5,3013,9265.5,3733,22322,19255
COVID-425,2717,6354,1643,8322,4137,11884.5,14109.5
COVID-454,2642.5,2376,2383.5,7436,2735,12369.5,11590
COVID-465,1707,10505.5,860.5,10201,4968,32030.5,21930
COVID-173,2291.5,2163,6998,9134.5,4427,7883,8406
COVID-184,2583,663,1465,4127,2493,10485.5,12298
COVID-195,2461,609,894.5,3860.5,2028,2556,5240
COVID-404,2923,6278,2061,13952.5,5668,17998.5,15149.5
COVID-415,2299,1317,1219,5328,5727,21792,12797
COVID-426,1891,2040,1308,3558,1814.5,3884.5,13160
COVID-455,3530,3572.5,1406,13533.5,3373,12200,20166
COVID-466,4060,1321,1284,1799,3438.5,12671,9222
COVID-174,2778.5,876,2835,19232,9653,18448,18978
COVID-185,2186,1695,1758,15986,8699,14058.5,12352.5
COVID-196,5771,2388,2924.5,34786,6531,17848,20915
COVID-405,2588,1936,2538,22230,3879,12965,18679
COVID-416,2463.5,626,652,2883,798,2370,8480.5
COVID-427,15084.5,1662,3075,3542,5478,19197.5,15032
COVID-456,2634,2622,6643,6784,11639,36884.5,12750
COVID-467,4687,2614,3351.5,6936.5,2639,5178,20765.5
COVID-175,3881.5,1422,2970,6084,3034.5,5230,13824
COVID-186,2744,1335,2062.5,6858,3607,9378,17329.5
COVID-197,3634,1236,2329,13302.5,6278.5,7005,39202
COVID-406,2407,5355.5,1410.5,1113,3827,18482.5,14751
COVID-417,2851,3770.5,2281,4896.5,1896,4716,9877
COVID-428,4722.5,14688,2726.5,10389,4824,13542,27775.5
COVID-457,3001.5,16714,2265,5332.5,1783.5,3073,19243.5
COVID-468,2566,919,1420,18436.5,3222,8195.5,7005
COVID-176,2565,1016.5,2759,2987.5,1894,7241,7064
COVID-187,5016,1588,2184.5,11754,1900.5,24997,14422
COVID-198,3377.5,973,1174.5,11921.5,3194,28710,20062
COVID-407,2908,1235.5,1829.5,4938,1486,8437,12564
COVID-418,3221,2364.5,4202.5,10181,1167,18425,11768.5
COVID-429,2514.5,5532,4022,23798,8007,15955.5,23071.5
COVID-458,1739.5,2644.5,2018,11512,2120,4829,9080.5
COVID-469,3718,1612,2259.5,10637,8483,32007,32307
COVID-177,15155,1652,5347,12283,4599,12782,15664
COVID-188,3423,846,1134,4061,3712.5,13690.5,14432
COVID-199,3780.5,6863,609,25285.5,5634,15459.5,13190
COVID-408,2169,6835,1591.5,8111,7607,11116,19612.5
COVID-419,1196.5,1317,985,8140.5,3956,9001,5757
COVID-430,4607,2032.5,2639.5,3918,2982,4691,18125
COVID-459,3028,659.5,743,7198.5,2380.5,5049.5,18725
COVID-470,1801.5,1765,2116.5,9193,2912.5,3514,10952
COVID-178,2567,1333,1268.5,3084,7637,19773.5,13054.5
COVID-189,1753,4084,966,27349,6665,12448.5,37011
COVID-200,3563,1340,3345.5,6531,2700,9320,10499
COVID-409,3856,899,1086,19762,1881,8523,21307.5
COVID-420,3742.5,2881,981,6429,22714,32099.5,17641
COVID-431,2726,2475,1362,2944,3665,6284.5,19209
COVID-460,2689,937,1434,4065,2069.5,11167,9640
COVID-471,5520,2039.5,1446.5,7496,2988.5,6099,23209.5
COVID-179,1148.5,484,665,2159,3753,6737.5,19255
COVID-190,3312.5,1055.5,2771,9857.5,4229.5,5812,19809
COVID-308,5391,2574,3137.5,9104,6176,28894,19681.5
COVID-410,2935,3794,872.5,4189.5,3188,15372,13303.5
COVID-421,2800.5,1834.5,1942,15579,2362,3929,13581
COVID-432,2630.5,762,2479,8813.5,3184,19912.5,16103
COVID-461,2684,5000,4068,14231,3965,7247,11026.5
COVID-472,3402,3369,949,10270,1609,1070,8848
COVID-180,6643,1055,1101,3790,7497,13289.5,22333.5
COVID-191,8472,2870.5,6059,20869,6571,11280.5,21400
COVID-310,1640,964.5,484.5,8609,4496,20962,9124
COVID-411,1988,1122.5,1050,9420.5,1561,7816,11131
COVID-422,27303,680.5,1079,19578,11630.5,14086.5,31362
COVID-451,4230,1493,2433,11265,3017.5,10461,19048
COVID-462,1727.5,596.5,1151,10127,4179,18656,12696.5
COVID-473,7323,740,1357,5410,3716,12234,4168.5
COVID-301,2712.5,1561.5,2701.5,15401,10813,17038.5,19347
COVID-314,2118,1044.5,2075,2857,2518,5920,9569.5
COVID-325,2359,26265,2925,22991,8044,27810,32768
COVID-336,2931,4155,7311.5,7773.5,5273,6524.5,23809.5
COVID-347,2609,1912,1002.5,26773,7258,16074.5,18863
COVID-485,13147,1207.5,1201,26565,7453.5,24259,31500
COVID-496,1644,1880.5,1915,4328.5,2309,9530,13684
COVID-507,2578.5,1090,2203,11802,5299.5,11272,20016
COVID-302,1825,727,540,10308.5,2797.5,13710,13616.5
COVID-315,2322,7054,1313,28341,14800.5,21215,36642
COVID-326,1648,1011,1228.5,3306.5,2020,6379,15625.5
COVID-337,3624,2085,2308.5,15911,8518,16681,12156
COVID-348,2593.5,1070,1185,1722,1176,2012,6179
COVID-486,1533,1235.5,1215,4660,1242,5784,7038
COVID-497,1869,4573,1964,4761,3187,4609,10007
COVID-508,3386,8176.5,1105,6506,7814.5,12803.5,19854.5
COVID-303,1244,2542,1041,16271,12056.5,26634,26230.5
COVID-316,4454,2983,3511,7501.5,2337,3522,32491.5
COVID-327,2512,4568,1831,14331,5829.5,18321.5,20350.5
COVID-338,1923,991.5,1569,13912,3286,6016,19266.5
COVID-476,3201,1976,958,4739,2654,14033,8488
COVID-487,1610,676,1090.5,6020,4453,9194,3815
COVID-498,1380,3173,1276,9563,944,6104,6996.5
COVID-509,3700,784,1319.5,16906,12219.5,14605,16069.5
COVID-304,14044,12069,12100,12457.5,6625,13239,31961
COVID-317,3543,1392,1574,7022,9038.5,24685.5,19393.5
COVID-328,3819,4069,1315.5,14025,3847,20823,20777
COVID-339,3225.5,3240.5,1395,16258,6576.5,17779,15820
COVID-477,1210,1758,1481.5,9671,7750,17652.5,20373.5
COVID-488,7324.5,4672,1967.5,5196.5,6370,15104,17606.5
COVID-499,4852,1306.5,1095,4922,5914,22518.5,19993
COVID-510,2174,755,834.5,2824,2187,3017,7640.5
COVID-305,3809,9055,1248,11851,6799.5,25735,27764
COVID-318,2442.5,857.5,903,2560.5,3856,14253.5,9912
COVID-329,1765,1093,2018,6625,6914,13090,24570.5
COVID-340,2073,1781,472.5,9327,1680,3660,5391.5
COVID-478,2359,1092,1305,8684,1496,6474,12109
COVID-489,4653.5,6364,937,14904,12708,23890,37034.5
COVID-500,3280,1823,1318.5,10931,3431.5,11120,23913
COVID-511,2711,9935,1948,22068,10270,16502,33252.5
COVID-306,10450,1545,956.5,6513,2161,12346.5,10488.5
COVID-319,8407,4061,930,4004.5,5541,9886.5,12221
COVID-330,8757.5,1334.5,3669,16823,8143,16773,23429
COVID-341,2179.5,1284,2361,11616.5,2226.5,10231.5,13142
COVID-479,2024,1005,1427,12415.5,2692.5,18159.5,12258
COVID-490,10835,723,1286,15172.5,5783,17318,9725
COVID-501,3199,2320,1444,4011,1824,2562,20788.5
COVID-512,1703,2486,2179,3306,10597,12940.5,14263
COVID-307,5021,1464,4450,5292.5,5051,7032,17572
COVID-320,3669,1686,1174.5,13027,11595,25320,16360
COVID-331,4363,1664.5,1530,4204,1639,7272.5,21653
COVID-342,4733,1492,1639,15730,5394,11975,19347
COVID-480,2059,33483,1966,10455,9319.5,15641.5,35892.5
COVID-491,3062.5,4751,3082.5,13607,2432,23268,14435.5
COVID-502,4955,1179,1749,11455.5,10966,24397,23314
COVID-513,992,597.5,900,4634,556.5,2021,1551.5
COVID-309,2814.5,894,1684,5091.5,3931,10167,9357.5
COVID-321,5740.5,1722,2996,5885,6177.5,8392,22910.5
COVID-332,2889,4724,8972,14196,6667,7913,18528.5
COVID-343,6853.5,2456,3112.5,17872,5151.5,8567.5,24813
COVID-481,1104.5,9765,2095,4098,3070.5,6035.5,20662
COVID-492,3134,4984,1051,8584,1839.5,8505,12815
COVID-503,9341,1454,3388,5823,1638,5386,12230
COVID-514,745.5,398,387,4554.5,1035.5,3561.5,6697.5
COVID-311,1463,1052,1078,4998,4118.5,16007.5,9669
COVID-322,2785.5,1527,1210,19716,4382,18113.5,23360
COVID-333,3563.5,2120.5,3696,8379.5,6503.5,16180.5,13823
COVID-344,1395,947.5,601.5,2026,6448,8183,16757
COVID-482,3102,8584,1173,9327,4617,9062.5,18817
COVID-493,2223,1655,973.5,1178,1644,1676,6414
COVID-504,1719,3428,725,6146,2067,5170,16844
COVID-515,1583,800,808,8048.5,2121,3419,18943.5
COVID-312,6861,1803.5,2266.5,5504,5374,17802,16770
COVID-323,7685,1116,2893.5,12945.5,8610,10558.5,15823.5
COVID-334,4723.5,6870,8034,12283,3794.5,15297.5,19855
COVID-345,2289.5,1447,1995,4444,3773.5,11470,18067.5
COVID-483,2754,1682,2502,18402,4402,10901,22852.5
COVID-494,1927.5,5268,984,4790,4787,17929.5,14345
COVID-505,2397,2928,964,6720,1296,1624,19209
COVID-516,1176.5,373.5,653,7552,7201,15792,24052
COVID-313,2853,1153,3069.5,2913,4336.5,12247,9902.5
COVID-324,2310.5,844,579,9491,5089,18171,22876
COVID-335,5900.5,796,1658,5355.5,4979,10014,20708
COVID-346,1515.5,1091,1000,10138,4803,10312,13408
COVID-484,1366,756.5,1519,10356,4056,14107,6305
COVID-495,2881,757.5,1064,3843.5,3554,6142,7330
COVID-506,2592,6275,2253,5882,3945,22138,14640
COVID-517,2945,1221,1032,5803.5,8852,17687,27383.5
COVID-518,2534,787,722,15487,9497,22391,19301
COVID-529,4930.5,2899,4019.5,5539,8180.5,18217,10000
COVID-540,3093.5,1759,1831.5,27695,5285.5,7656,16789.5
COVID-519,2079,1358.5,1833.5,2066,2118,5447.5,5314.5
COVID-530,1978.5,1589.5,1300,5113.5,11213,7186,33217.5
COVID-541,3296,7506.5,856,7486.5,2407,7413,11011.5
COVID-520,2467,1153,1363,22633.5,5016,16324.5,29574.5
COVID-531,2543,971,1548.5,6784,8892.5,10501,11460.5
COVID-542,2390.5,2142.5,706,2332,4088,6591.5,8535
COVID-521,3207.5,614,1897,3881.5,4930,11701.5,14761
COVID-532,2552,680,544,7082.5,7920,16121,20593
COVID-543,2983,2806.5,2838.5,5783,2478,16482,13766.5
COVID-522,3337.5,4578,1847,4002,6170,4541,17479
COVID-533,3222,672,651,12851.5,12608,22115,8163
COVID-544,5263,2024,3245,8522,6536,15650,16535
COVID-523,17046.5,5707,2210,26842,7894,11331,27580
COVID-534,3523.5,9846.5,3539,14468,4340,4283,24928
COVID-545,4317.5,592,554.5,18517,1113,4963.5,11175.5
COVID-524,2351,1097,626,3842,6767,13664.5,15017
COVID-535,3459.5,796,637,2664,4721,13328,15445
COVID-546,2791,717.5,962,18148,4818,13044,20880.5
COVID-525,340,204,604.5,400,215,939.5,841
COVID-536,2426,12447,897,3156,3367,7146.5,19048
COVID-547,1585.5,20212,1719,9393,3324,7574.5,25827
COVID-526,3153,6251.5,1946,11085.5,9697,10596.5,30831
COVID-537,1737,521,1163.5,3174,4346,13818.5,9786
COVID-548,11261,1523,2769,3596.5,14368,27856,25527.5
COVID-527,4073,31096.5,1588,15166.5,8416,12877.5,34590
COVID-538,2894,674,1332.5,22460,7357,17987,19186
COVID-549,2403,1508,5897,6652.5,2081,20869,20385
COVID-528,2156,1137.5,1190,3456,4681.5,8530,14282
COVID-539,3713.5,1318,2004,24328,7547.5,9245,20477
COVID-550,2522.5,1149,1640.5,1286.5,3973,7796,16901
140412,4734,741,922.5,4634,4243,12290.5,13023
140413,1045,1076,1110.5,6840,3449,1489,11706.5
140415,3471,775,986,4751,5875,16801,6191.5
140416,3554,1413,1605,11222,10978,16480,23337
140417,6436,1833,3234.5,8613.5,3286,8104.5,11551
140418,918,484.5,299,12868,2457,12794,10707
140399,1193,1127.5,1390,25666,2616,12732,19855
140400,2033.5,452,531.5,9955.5,2854,5777,9326
140401,5506.5,869.5,721,20131,6545,4634,31477
140402,5411,2404.5,730,15761,4391,11832,22022
140541,2251.5,2428.5,5334,6638,1302.5,4653,11721
140540,2925,2163,1371,3438,8857,16935,14893.5
140539,2606.5,954.5,966,5005.5,3437,4343.5,6740
140538,1907,580.5,1245,8829,5725.5,21100,22264.5
140537,2914,3383.5,1734.5,2463,5573,6748,13059.5
140535,2284,972.5,2206,4348,3003,6937.5,16398.5
140536,2531,1514.5,1775,6803,6374,6256.5,14667
140546,7840.5,1837,3537,12293,1972,4525,7022
140221,6360.5,1532,2074,14834.5,6176.5,12765.5,23636.5
140222,19094,1757,13661,15670.5,4689.5,8115,13357
140217,1883,966.5,2130.5,2803,1800,5322,13473
140210,988,715,688,2291.5,1178,3597,6066
140197,1836,1030,1814,5514.5,2960,8415,6933
140198,3425,1159,1884,4111,4263.5,6285,14976.5
140211,4835.5,5782,1080,1449.5,4541.5,11009,11556
140212,1947.5,1781,945,15391.5,7677.5,12472,15902
140199,4071.5,1844,1249,40678,3126,8162,26727
140213,2071,3632,1210.5,11291.5,2754,5662,16198
140200,3988,938,1292.5,2403,1490,3791,4487
140218,1315,11609.5,1331.5,2239,951,4120,14256
140225,2558,1837.5,2548,4885.5,3357,4905.5,19059.5
140223,1955,3228.5,3693.5,10813,1797,3395,5654
140201,4741,2590.5,2932,33737,9612,19209,30624
140214,4069,2470,2028.5,12466,5601,20408,9293
140239,3911.5,2920,3625.5,24467,5818,8664,25147
140219,3851,1806,1596,9067,8123,31477,22484
140202,919.5,463,495,4523.5,7339,12961,20431
140215,3565,2206,2542.5,11331,4555.5,20039,18805.5
140237,4548,2568,1928,11089.5,1849,3017,17217
140232,2533.5,3170,634,7734,2893.5,13418,17756
140203,5242,3585.5,8702,4139,7729,3808.5,16509
140216,3074.5,2106,6011,10675,2814,4672,15096
140204,2536,1271,4734,15292,5534,16701,10296
140203,3858,1752,898,3508.5,5943,6403,12662
140220,5413,1982,10834,6554,6807,7512,18967
140236,1532,1916.5,1063,19739,4046,9026,25020
140235,2673,785,1127,4017,3061,6279.5,17872
140234,6363,4764,5995,15941,9514,10688,27418
140226,2818.5,2054.5,1466,10619,1359,2285,13963
140228,5555.5,3555,8077,28548.5,4232,20488.5,27718.5
140231,2724,2441,2461,12943,3099.5,18148,36804
140227,3387.5,1018.5,1356,11506.5,2961,5184,7581
140233,4007.5,4076,3681.5,4955.5,2769.5,12018.5,9599
140230,4710,2455.5,2972,4070.5,4888,8877,17297.5
140229,3296,1546.5,1814,9383,5104,15067,7888.5
140207,14096,2553.5,6349,22968,11740,11576,28121.5
140205,2727.5,1311,2211,11689,2326.5,13009,12004
140208,7872.5,2561,6146.5,6229,1832.5,2998,9485.5
140206,2463.5,1523.5,2130.5,8221,5375.5,13935,10455
140337,5231.5,2453,4273,6707,6097,9414,23498
140296,6702,1292,1776.5,6469,3359,21861,19463
140297,2583,794.5,1288.5,11004,5548,21400,8487
140300,3583.5,603,3245,20096.5,2662,11977,8596
140304,5066.5,1073.5,1545,13016,5484,10953,24685.5
140303,1738.5,2546,821,2645,5710,20431,22760
140298,3574,785,1252,974,6728,10267.5,1657
140299,3009.5,2219.5,4502,10252,11699,8533.5,20385
140319,6447.5,15641.5,2561,15546,2450.5,8857,21146
140341,3409,3556,1355,29943.5,10328.5,22691,18090.5
140346,4402.5,2474,5091,9698,4953,17018.5,14996
140355,2376,1733.5,1526.5,16966,6676,15754,21423
140354,7193.5,14857,5334,15829,6702.5,12790,19878
140356,3810,2547,925,30093,16932,25573.5,22114.5
140357,1008.5,1786,8259,13418,3978.5,11839,6629.5
140358,5730.5,1588,2388.5,24339.5,6381,6124.5,26207.5
140359,2353,1347,1522,23637,5312,14750.5,35674
140360,5508,1453.5,10642.5,7680,8442,17664,24052
140340,2291,1128,1493.5,9966,3331.5,9142,8460
140347,3776,4553,3657.5,7564.5,6160,10418,14430.5
140345,1414,1706,4125,6007,3934,5599,10517.5
140338,2193,1113.5,4429,11070,6647,15956,10430.5
140343,12103,830,2002,6475,5011,13426,13353
140339,3801.5,2090.5,1772,50386,6108,8025,25366
140344,6124.5,4296,3180,33022,5712.5,17479.5,36158
140378,8594,7703,4469,8046,6109,7214,10382
140365,5093,1706,3154,25182,8097,17295,20477
140366,2330,3127,1552,1947.5,2927,11149,7929
140362,1937.5,3298,538,3308,4556,15195,26611
2792,3195,2052,7788,27072,7700,17180,20131
2944,4661,3729,3659,18217,10477,25274,24859
3015,1452.5,2201,663.5,13259.5,11028,13810,9777
2918,2111.5,609.5,933,5502,7261,23521,6138
2919,4598.5,2365,2767.5,10772,8548.5,19993,20650.5
3278,3508,5366.5,1489,20258.5,5642.5,9158,15555.5
2850,3661,1399.5,2030,4002,9202,15679,10983.5
2868,8730.5,2475,1454.5,5376,7594,5234,17860
2790,2780,766,952,9580,6178,22391,19981.5
2943,4113,656,926,3226.5,2858,12822.5,12611
2937,3863,1381.5,1306,6627,2816.5,9716,9893.5
2914,3771,1528,977.5,12775,2368.5,4247,19278
2884,3547,1769,1263.5,7607,6988.5,7291,16043
3289,3874,2200.5,2924,5159,7408,15032,29794
2841,4968,2061.5,1431,14602.5,10604,22864,22829
2869,1527.5,473.5,599.5,9810,1319,5913,7833
2789,2368,678,948.5,16535,8123,15784.5,16449
3018,1685,2580.5,1112.5,4621,2979,5925,6707
2932,1891,1663,1717.5,8299,4616.5,7746,22484
2927,2656,10551,580,11755,4558,11369.5,14952
2908,3825,5537,3252.5,9358,5333,16666,17525.5
3225,4284.5,731,809,11668,2076.5,11547.5,21077
2848,3847.5,3014,6376,41808,9796,29932,30981.5
2858,5681,2088,5604,12323,7614,13216,9313.5
2787,896.5,603,746,13315,6771,18379,30923.5
3019,3256,1655,1805,4563.5,3120,8666.5,18091
2931,3284,1196,617.5,4714,2984,12571,5853
2913,2189,5914.5,587.5,12133,13243,21307.5,22368
2912,4061.5,1186,1832,5270,5288.5,9733.5,17710
3281,2218.5,1003,1621.5,14088,3054,6230.5,11014
2851,5995,2570,3103,21169,5900.5,8468.5,23452
2872,6163,1490,1547,6204,1497,8060,8552
2800,2026,1350,1920.5,15453,3786,5818,12125
3016,4133,1508,1385,10019,4014,14053,23959
2928,2073,2189,1403,8597,12931.5,23383,8521.5
2924,2728.5,1198,720,6273,4960,7753.5,17503
2909,1831,2140,1595.5,19578,10585,12517.5,25343
3273,4203,1493,2563.5,9836.5,5469,18782.5,23037
2853,1540.5,5770,951,12116,20016,47527,23959
2861,2338.5,1169,963,1039,2405.5,2996,3248.5
2799,2057.5,599,989,4715.5,3024,1276.5,7114
2801,2979.5,539,484,9433,7087,10620,10459.5
2946,2903,787,1384,13318,3752,1068,14566.5
2925,2565.5,1183,1733,7509,3237,7955,30624
2878,3103,721,946.5,8126,12277,12689,15714
3285,3252,7562.5,3400,4823,4767,10188,15991
2849,5845,5395.5,9542,20293,5085,14428,15042.5
2875,4396,2950.5,2301,28387,7962,12150,31961
2797,4480,977,1168,8464,4618,14146,8475
2811,3220,9622,13029,17479,4937,17244,13928
2947,5219,1923,5127,5652,7052.5,12136,16501
2922,3094.5,16092.5,13380.5,10603,7437,12456,15066
3223,3780.5,730,1388,12818,1730.5,8776,16352
3272,4126.5,5056,634,9779,2884,10160,10903
2877,2445,1655,1874.5,12213,12491,14606.5,18943.5
2860,2317,1080,1283,11118,7370,14411,26865
2806,2957.5,1079.5,2422,15532,5354,13838,10563
2785,3387,2267,1688,12240,4554,10139,9219.5
3021,3363,1126.5,2388,7392.5,5111,17572,10560
2887,5084.5,2544.5,7813,8673,2986,12669,8867
3185,5148.5,1796,1241.5,5481,10094,18943.5,9518
3277,3620,1593,1796,4990.5,3648,2956,6278
2857,2375,3567,1540,10726,1881,8628,10410
2876,2718,469.5,489.5,12114.5,3871,7645.5,18517
2794,2792,1540.5,1628,14269,6835.5,12610,12231.5
2798,2310,710.5,1118.5,6875,1456,14912.5,11549
2881,3009,1261,2442,15609,5230.5,27026,21953
2871,2670,851,1050,1758.5,893,4443.5,3105.5
3208,2463,5189,2942,2514,4888.5,10320,9211
3282,1296,2599.5,1199,6324,1525,9865,17664
2863,3418,4840.5,2924.5,2686,2762,6471,8677.5
2859,2949,8923.5,1226.5,3618,10069,26565,25435
2807,3090,1262,1576,6994,3955,7868,13730
2929,2649.5,844.5,1789,1560,4314,11584,19958.5
2911,5617,2912,7471,13699,5631,10327,15634
2886,2242,1827,971,14150.5,4654,16420,27026
3205,4706,656,1225.5,6530,6795,16511,25620
2854,2243,5259,1676,5396,2139,6285,14346.5
2865,2591,1853,1861,1619.5,3292.5,8233,6983
3027,6058,750,748,2466,4534.5,19843,8786.5
2920,1973,871.5,1665,5556,7547,15196,13349
2917,2928,12300.5,838,17756,4061,13161,15231
2888,2183,1095,1760,7257,11638,17272,21953
3097,3713,1489.5,1269,27741,5613.5,16632,19243.5
2852,3034.5,10974,745.5,4500,6170,14352,16692
2867,2014,1296,913,3153,1397,3575,6705
534,2956,1936.5,2159,10814,5233.5,14237,6897
545,3867,7661,4720,7106,1740,17260.5,11324
556,2841,3563,4047,9870,3677.5,7652,13350
567,2692.5,964,2641,6266,2984.5,18540,10802.5
578,1842,527.5,793,1525,3627.5,11190.5,6113
602,2322.5,1432.5,1475.5,8170,2560,11106,4563
616,4568.5,1587.5,1952,13352,2368,3597.5,6816.5
627,3836,739.5,1265.5,4203,6857,10534,4942
535,2603,2930,1101,14694,11091,11254.5,14899
546,5775,638.5,560,13036,3973,14319,17223
557,4701,1555,4275,25089,1672,10935,19094
568,3604,940,729.5,7204.5,3447,15491,14886
579,2079,1803,1097,5056,1330,9135,8354
603,4135.5,1062.5,1247,3177,1631,6405.5,5376
617,1349,476,611,7667,4797,9456,18356
628,1104,721,1077,2814,2201,4227,12786.5
536,5265,890,1513.5,9059.5,2579,7499,12410
547,4164,1506.5,1302,17387,1816,7452,15865
558,4007,1452.5,1787,35005,6565,15793,29263
569,1058,4415,2233.5,7822,3507,8557,12473
580,2083.5,1703,2985.5,15510.5,1734.5,10682,5723.5
604,1781.5,686.5,1343,7379.5,7561,7611,18840
618,2432,976,1972,4864,6451.5,7648,17042.5
629,1900,1130,837,3687,3463,15558,7326
537,2338.5,1676,1941,7320.5,2231.5,18863,17964
548,2594,8785,3672.5,14190,4485,7932.5,15898
559,6377.5,1577,1991.5,19071,7059,14603,19497.5
570,3560,1240,758.5,12081.5,4853,4643.5,7997.5
591,1385,839,776.5,5830,2331.5,5473,8994
605,3270,616.5,788,12705,3480.5,5886.5,13752.5
619,1150,558,852,6104,1121,4545,6536
630,7021.5,1232,1565,1286.5,1739,7915,10433
538,2065,1564,1756,8711.5,3601,11586,13388.5
549,2050,1810,1034.5,5143,883,2121,4627
560,2222,1103,928,3690,1570.5,7598.5,7196
571,2135,1586,15107,16727,2959,10837.5,14418
592,1190,540.5,704.5,11263,2434,7264,11250
606,3264,1615,1346,7993.5,2445,10422,10963.5
620,3527.5,1175,911,4764,3280.5,11829,4927
631,2952,1737.5,2158,11000.5,8661,7091,18310
539,3501.5,1063,1109,16035,6010.5,12813,24536
550,3453,2249,3109.5,13680,3463,6201,13765
561,1444.5,1335,1638,3595.5,2930,11443,7560
572,5733.5,3002,3054,24132.5,2310.5,6733,15913
597,1887,790,706,8530,1871.5,3747,23452
607,2128,679.5,876,2424,1112.5,1590.5,3915.5
621,6821.5,1571,831,5696,5751,12709,5044
632,1957,615,825,12260,1117,14668.5,8968
540,2739,807,4032,2335,3678,1177,17825
551,1915,726.5,1780.5,8595,3013,8552,12188.5
562,687,981.5,1148,9888,3746,6729,15620
573,1366.5,985.5,967.5,6145,2242,2343.5,10269.5
584,2444.5,2310.5,1674,12116.5,2583.5,10528,8686
608,2005.5,729,933.5,19762,2570,2711,19750.5
622,2848,2755,1486.5,7456,698,6093,8741
633,2283,588,724,8531,2566.5,7893,10957
541,1940,8964,5989.5,10332,3416,6931.5,18736.5
552,4254,2230,3063.5,18217,5200,28710,29033
563,2721,937,488,10342.5,4087,3869,10489
574,2218,1951,451,3822,975.5,3628.5,9714
585,1602,1927,868,1850,1976,2450,5460
609,1462.5,573,442,10860,4128,4915.5,7878
623,2251,731,1216,4695,2473,10022,6779
634,3555.5,4886,1146,7929,1245,6423,15911
542,2441.5,3301.5,1954,25989,3803.5,14806,22668
553,1794,7159,1525,8559.5,1868.5,5517,12747
564,2345.5,936,2816,3434.5,3033.5,11018,14265
575,3128,1213,1818.5,15871.5,6432,6393.5,28548
599,1663,982,664,5056,3198,5050,8133
612,3718.5,554,1156,914,855,517,4224
624,1999,610.5,577,5500,4658,3556,7246
635,2927,822,1765,7109,5257.5,5350,9755
543,4326,749,1156.5,12971,3294,2920,17618
554,1594,625.5,997,9303,1344,8602,6909.5
565,2801,614.5,628.5,6579,1253,4408,12623.5
576,1386,840.5,1368,7913,7149,25481,5661
600,1573,647,631,3703,2122,8442.5,19970
613,4024,795.5,1154,9468,3553,6277,14113
625,2055,1522,1275,9060,1309.5,9635.5,7841
636,2533.5,1892,1711,4895,3975.5,13555,14032
544,1646,554.5,2320,14205,4239,5986,12805.5
555,1604,560.5,1434,17514.5,3122,5648.5,5009
566,1766.5,1350,924,18010,3686,18725,13404
577,1420,704,783,849,2442.5,4797.5,5929
601,693,2737,842.5,5308,1633,13735,14672
614,1375,819,516,14010,3344,10952.5,13078.5
626,1840,606,1065,10211,3371,12146.5,9203
110637,482,467,422,3401,1104.5,3893,5686
110638,2556,1865,2114,13004,8530,16626,13193.5
649,4458.5,3086.5,1771,1269,1892,3725,10323.5
707,4537,9283,4457,24628,9158.5,27568.5,38533
718,2136,390,564.5,3220,4828,8786.5,13513
731,2802,3632,1317.5,21676,8419.5,8449,16710
610,4883,10692,1659,4307,6189,6451,17595
639,3353.5,1395.5,2357,5195,5954,10876.5,10529.5
650,6025.5,1814.5,2298,21987.5,5473,6520,16355.5
708,1068,749,567,7944,3147,5691,6056
719,4429.5,2612.5,12341,8425.5,7536.5,10395,22149.5
732,8354.5,3816,4567,6186,4237,6774,20408
611,2724.5,971,1087,11121.5,9326,8140,14146
640,2790.5,2266,2647,3324,3782,8853,6677
651,5461.5,2751.5,3637.5,26750,9491,26749.5,15806
709,5547,994,1379,5375.5,7785,3954,24997
720,2948,1358,1338,3119,18079,14917,30670
733,2936,1927,4876,18805.5,2764.5,14422.5,24766
615,4686.5,3643,5453.5,9537.5,6158,17079,19785.5
641,3450.5,2608,3346.5,2043,5206,4930.5,7584.5
848,2887.5,2092,1756,4886,6521,8056,9534
710,2539,1787,2442,24374.5,8036.5,24282,12410.5
721,2737.5,1289.5,3525,9786.5,3146,3428,13162
734,3550,3673,1887,6818.5,4314,10594,10670.5
1,3198,1001,803,7108.5,2592,15487,22599
642,3157,883,1143.5,6712,3171,17687,9494
849,2291,834,740,2798,3898.5,5046,12382.5
711,3651,1230,1215,28248.5,3964,8388,38441
722,5149,2193.5,4087,16781,10604,8387,21054
735,864.5,777,809.5,9871,2391,6667,10283
U15,6021,10212,4276,11732,15546,21723,17825
643,2680,1999,2761.5,17918,6340,18228.5,18287
856,1808.5,1957,1473.5,24559,6959,18528.5,13699.5
712,1550.5,523,836,6486,6016.5,18863,16062
725,5242,1293,1708.5,7289.5,6200.5,10448,14201
736,2255,1614.5,1519,6893,4377.5,11517,20523
644,2959,3669,2618,26461.5,4249,8336.5,11726
702,5584,791,1144,7552,8369,22299,10125
713,4903.5,1227,2057,8870,5512,11245.5,18264
726,2292,1919.5,2255.5,5335.5,7508,11346.5,26611
737,6327,4229.5,1426,10365,12257,25089,17456
645,3048,1742,3279.5,7987,7439,15048.5,17744.5
703,3922,1199,1405,7910,4455.5,10748.5,12742
714,2899,1089,1821,24928,9269,12220,13617.5
727,6019,1277,1615,23959,5411.5,15342,14506.5
738,2107,5320,1685,8649,5164,13628.5,17059
646,2101,756.5,596,6462,6651,9819,2601
704,2012,13667,3110.5,1631,11667,30301,10084
715,5030,1917,4456.5,2093,3163,5470,10311
728,6401.5,4985,997,10331,12612,15225,18264
739,4980,5497,2649,7470.5,2703,11835,18287
647,3977,871,1491.5,23821,3286,8927.5,47976.5
705,5417,2672.5,2013,4288,11749,17341,17191.5
716,3226.5,771,1759,3328,2976,8659.5,11167
729,4448,1064,1525,3761,1793,4538.5,13900.5
740,5034.5,541,893.5,11540,4905.5,18079,25850.5
648,4200,2608,5458.5,9445,3392,7088,9939
706,4857,2860,3362,29079,9380,19301,26588
717,4854,879.5,806,8230,5562.5,3015.5,8816
730,8155,1440,1831.5,18148,8432.5,19370,21434.5
741,1802.5,490,467,15311,9441,25435,19797
140522,1734,1109,1310,4048,3475,12043,7790
140523,1390.5,5949,547,12203,5649,20178,15911
140481,2839.5,4425,4097.5,12107,11339.5,19036.5,19474.5
140518,4450.5,1551,5159,25389,4338,12382,15325
140519,4177,5186,1468,16315.5,4271,9559.5,15893
140522,3449,2382,2035,11919.5,10784,27418,19163
140521,4576.5,2071.5,6719.5,12547.5,7698.5,8091,19647
140520,2522,1150,710,4290.5,3248,8975,14104
140525,3562,774,1502,1959.5,2630.5,27119,12016.5
140517,2963,2460,5181,23867,6202.5,9594.5,11854
140528,7388,2051,2856.5,5836.5,3511,12526,8020
140527,2525.5,435,1132,3426,5879,13067,7102
140526,2657.5,1580.5,1951,9684.5,4413,8722.5,14403.5
140525,3135,631,1149,1701.5,2340.5,24052,10774
140531,3604,2033,2214,19970,8531.5,9757,11000
140533,2484,3142.5,4480,2394,5550,16488,7698
140532,4601,1406,956,4420,7281.5,12274,20373.5
140529,2304,840,1465,14229,7415,14145,12142.5
140524,2946.5,1662.5,1016,11983,11813.5,29863,10822.5
140530,4910,1339.5,1358,22541.5,10102,18448,25124
140534,1836,618,3959,8708,11276,8171,18379
140510,3969,2164,7326,27441,7689,19048,16871.5
140508,5902,4602.5,1795.5,32861,13967,46535,19670
140499,8706,9382.5,2111,23636.5,2273,13536,23521
140508,5940,4855,1846,33829,14852.5,47907.5,21215
140492,2883.5,1602.5,3643,12143.5,6888,900,18817
140499,5049,5122.5,1012,15874,1275,8571,15569.5
140446,3139,904.5,1333,14059,15008,10438.5,11966
140493,3078,4485.5,4280,1785,983,4076.5,5409
140494,2088.5,1285,1374.5,6497,2384,6417,7743.5
140507,2198,727,840.5,9466,8270,23417.5,16583
140511,900,1668,795.5,18010,5640.5,11523,11532
140493,5003.5,757,1081,7988,13309.5,20915,7635
140492,2446,1416.5,3200,9943,5284,780,15094
140509,5059,1715,1140,4565,4457.5,11915.5,17514.5
140494,3281,2007,2495,9588,3477.5,9196,12109
140507,2435,847,1095,7817,6282.5,21676,14579
140505,1717,784.5,1979.5,6906,4880,6358,5756
140500,2084,927.5,1405,1465.5,1948,7758,3816
140511,817,1370,752,13810,3849,8569,9061.5
140491,4783.5,1614,1082,2940.5,2289,9398,8761.5
140490,2135.5,668.5,1611,6243,2251.5,4665.5,8699.5
140489,4318,1275,2141.5,1816,4725.5,11444,18840
140484,2930,1889,3029,7972,3258,11158.5,6049.5
140488,2203,1355,861.5,6237.5,4644,13200,17141
140487,2542,396,398,10556.5,2569,7517.5,4170.5
140486,2273.5,719,824,5710,3715.5,3067,7857
140485,4568,9786,2786,10066.5,2976,11333,13585
140496,1920,611,1298.5,6587,2808,5664.5,18056
140483,2753.5,1722.5,6839,3688,7654,10699,17918
140479,3455,1620,2806,4815,4640.5,12110.5,17006
140478,2981,931.5,688,17549,2672,16596,11870
140480,2229.5,3479,14195,2736.5,4426,17825,14560
140482,2141,743.5,822,2571.5,6836,2241,16721
140443,3980,1312,1792,26888,3987,7400,22138
140477,4977.5,1450,3293,19266.5,7358,15616,25527
140450,2223,2015.5,698,5323,10578,11964,8742
140447,3212.5,4055,1611.5,14273,2160,4741,12420
140446,5020,2004,3603,20996.5,2336.5,5936.5,8049
140434,4728,1732,1907.5,19773.5,1858,4327,6158
140433,6302,2455.5,5837,12838,3115,12971.5,15471
140435,2386,3195,3935,37391.5,12012,32457,14707.5
140432,4987.5,1959,3229,15549,2477,7268,12436
140438,3491,1559.5,1611.5,8408.5,1403,10959,16361
140440,3758,5024.5,2031,4999.5,10193,16669,18828.5
140441,4696.5,1296,1413.5,12089,1931.5,3553.5,14927
140442,4241,1142,3052,8642,11068.5,27096,16260
140444,3974,1503,1252,32768,7647,12204.5,31546
140445,1752.5,561,720,5099,2225,16132.5,6520.5
140425,3006,869,1521.5,5704,2724,5624,10369
140424,3198,2403,858,6562,1900.5,9701.5,18067.5
140429,3508.5,928.5,3380,11085.5,2875.5,9058,11769.5
140430,2808,1417,1575,27165,5876.5,26542,29551.5
140431,4070,1908,1584,23844,7564,24490,14552.5
140432,4486,1600.5,2492,14635,2269.5,6459.5,11405
140420,4603,2765,1700.5,23994,4196,10626,22495.5
140419,3962,1031,857.5,18056,3575,11967.5,12640
140428,2638.5,1221,3525,10103,1767.5,4310.5,17549
140423,2085,7879.5,1501,1520.5,4221,14017,13921.5
140426,4851.5,1945,6736,6461,2891.5,3474,10836
140427,3694,3604.5,2104.5,9252,1311.5,4396.5,19532
140421,4551,9968,24029,12052,3144.5,9335.5,13773
140419,3787,997,754,18275.5,3618,11657,13025
140420,4337,2815.5,1658,24789.5,4252.5,10631,23025.5
140422,1988,1256,799,10388,4237,4378,9757
140409,1933,1372,1330,5401.5,2122,2425,4873
140410,2847.5,1814.5,5182,8129,2355,3713,14620
140411,2769.5,11138,1226.5,17318,5049.5,7688,23498
2668,4064,840,2408,4891,2340.5,10840,4583
2652,1614,615.5,713.5,13989,3501,3796.5,16874
3085,4539,1916,1046.5,11614,3907,7696.5,11549.5
3172,6327,1389,1945.5,8515,6531,20765.5,12508
3186,3366,1225.5,1108,2665,6077,16108,5679.5
3201,3934.5,1857,1229,25550,2506,6139.5,24259
2822,1019,618,763.5,2713,862,1601,4550
2846,5958.5,2986,5229.5,6679,4414,11287,9817.5
2666,2061,1687,1046,19843.5,7028,16193,11550
2553,2114,1178.5,1040,39871,8228.5,19750.5,20212.5
3098,2439,1204,2125,19463,5209,7916.5,17137
3173,1400,622.5,2106,13138,1992,729,8647
3196,1383,16771.5,562,5439,2600,10781.5,20500
3204,3927,2860.5,4410.5,11941,5028,21008,15299
2832,1086,1272.5,512.5,15575.5,4184,9584,7337
2839,2597,606,548,3870,3555.5,9260.5,5281
2665,1336,466,285.5,9003.5,4877,16262,23729
2657,2634.5,3306,1373,9001,7299,15741,8238
3102,1703,1266,1897,4394.5,5649,9472,9114
3175,3028.5,969.5,1121,9811,2138,7537,19924
3197,2649.5,1541,1948,13977.5,5313.5,10955.5,13793
3188,3950,1214,2226,5535,3145,5207,12410.5
2834,2715.5,1374.5,13905,12928,6239.5,19739,18471
2825,2358,1023,905,7407,1237,4760,5293.5
2664,3283,1596,1109.5,23406,2065.5,8211.5,27257
2651,4326.5,2546,3378,9905.5,4479,8488.5,12979.5
3096,7231,20823,4573,10192,1889,7934,10601.5
3176,2431.5,6618,1704,8570,3300,8172,13097
3199,5267,2498,2118,17129,3564,5111,6448
3209,3048,5880.5,1941,3395,3888,8384,13667.5
2821,4623,2514,1931.5,4277.5,1496,13180.5,6173
2824,3639,1092.5,1073,13702,3517,11959,21331
2662,3268,1438.5,3723.5,16438,5718,17150.5,21204
3030,3190,1218,1951,6221,3765,17848,13107
3123,2587.5,1021.5,1863,3101,2743,6302,4335
3177,2097,1020,3287,8594,5187,22991,12783.5
3198,2636.5,569,1452,10003,3843,6956,22507
3224,2759,9632.5,5612,9552.5,3420,11690,20316
2818,3157,772,1285,5357,6967.5,14108.5,18228.5
2835,3152.5,1203,2866,7222,8900,26138.5,19140
2659,4049,1456,1377,15554,3079,11979.5,4744
3073,5665,1229,6737,6113.5,2219,17537.5,3326.5
3128,2122,2318.5,2793,4357,4023,6547,11096
3178,2837,1249,1930,14125,2763,2928.5,8617.5
3174,2137,1468,1046.5,4486.5,2712.5,5948,11178
2813,5340,1820,1316.5,11051,4258,7374.5,11832
2820,5730,3721,1346.5,8735.5,9476,8378,13585
2830,1578,2028,1493,7168.5,5844,6291,13153.5
2660,2472.5,603,1811.5,4570,6453,9322,12601
3076,2486,601.5,4169.5,3747,6722,4105.5,9145
3129,7384.5,985,1761,5808,4405,6658,10577
3180,939.5,798.5,435,5691,3093,8692,10817.5
3183,5407,600.5,974,6739,4975,9729.5,11165
2804,3212,2136,2605,23244,5973,17560.5,18240
2817,2562.5,780.5,1446.5,10604,588,3130,5923
2840,3536.5,1142,1637,5872.5,6393,25112,13269
2663,1428.5,603.5,756.5,18725,10162,20926.5,14148
3077,2671,3155,713.5,15876,6161,12952,18563
3130,1283.5,1708,627,4474,4048.5,14605.5,13790
3181,2816,870.5,1366,4790,5017,5307,14337
3072,1976,840,1321,1057,3131,2549,6359
2802,4404,905,1619,20823,709.5,1136,14376
2828,1796,2479,842.5,12065,1015,8703.5,5341
2829,6071.5,917,1410,7832,2256,1732,13357.5
2661,2268.5,1662,3663,10538.5,5876,19439.5,17664
3083,2411.5,2418,1457,13574.5,3387,10854,18275.5
3143,3521,726.5,1141.5,13855.5,5242,13950.5,18517
3184,5590.5,700,662,11532,7182.5,10816,10955
3200,3525,1237,1152,10489,1785,2888.5,7735
2815,3019,1343,1667,4880.5,3862,19001,19924
2827,2562,1913,2486.5,14535.5,5400.5,8846,10785
2838,2477,554,1237,3083.5,2438.5,4457,6821
2667,2208,560,461,14972,3631,20511.5,10942.5
3075,6416,3229,1399,16580.5,2810.5,5612,17433
3171,3844,2358,6525,4949.5,6134,12541,12309
3182,2710.5,620,1215,9739.5,2618.5,6738,19324
3202,4090.5,5000,562,7619,1898.5,5544,15626
2814,1506,1813,793,13388,2302.5,6768,14939.5
2845,2269,882,623,7886,1471,1838,5691
2831,3165.5,909,1297,12068,2609,3612,10939
2649,1085,999.5,367,19140,2338.5,5611.5,9166
3094,2586,532,952,4946,2022,840.5,5344
3131,1128,651,884,17629.5,5660.5,8802,13247
3187,1947.5,867,1463,15642,3508,10438,21653
3203,3673.5,755,951,16894,3263,9277,20201
2810,4581,1805.5,1696.5,4271,3771,3554,32515
2826,1407,990,5831,3465,3132,5541,5816
2837,2719,1512,1687,2521,3940.5,3844,19393
140403,3268,1130,1771,3727,4046,14180,7640.5
140279,5113,1675,2774,38026,15703.5,20673.5,24052
140273,4006,1006,2389,15060,7460,16003,15513
140262,4072.5,1534,6434,5006,5109,13995,13300.5
140251,3285,1965.5,1643.5,15288.5,3595,6714,8448
140584,1359,1196,783.5,11868.5,3445,12362,14596.5
140578,2480,615.5,973,590,3417.5,11032,6027
140567,5839.5,1895,2529,10875,4534,11703,12511.5
140404,5929,1109,2258,4968,15656.5,24351,7243
140280,6167,2971.5,1896,16179,11770.5,14880,18771
140272,9006,539,846.5,13361.5,4137,10798,14954
140261,2825,990.5,955,8456.5,4463,7714.5,23798
140250,2409,884.5,1183,14467.5,2789,6683,4656.5
140585,2618.5,667,1361,12994,2504.5,15931,20788.5
140579,5587,3508.5,10243,11453.5,6279,22702.5,5477
140562,2012.5,631.5,871.5,6613.5,7950,7893,6515
140405,3651,1056,1052,20823,2518,9012,19566.5
140281,4902.5,4943,1774,11223,2193,5339,11521.5
140271,4293.5,2537,4312,21203.5,4797,8272.5,17387
140260,2463,1386.5,1111.5,5036.5,2927,4629,8340
140248,15309,2582,1495.5,13097,4788,17387,13384
140586,4003,918,1404,10246,3999,12480.5,19128.5
140569,3286,1675.5,2856.5,14389,3409,7133,14039
140559,1545,702,1739,4694.5,1847,4874,5930
140406,3454.5,2202,1657,14082,2998,8457,25228
140282,1313,2013,2095.5,6008.5,10015.5,17318,9335
140270,4058,1380,796,3863,4616,12897.5,16331
140259,1899.5,1035.5,1778.5,12091,7208,9063,17249
140247,2840,47457.5,2196,22899,4189,18459.5,52969
140575,2696,1495.5,963,16047,2624,8297,9248.5
140570,3143.5,527,1018,2492,2190.5,8574,10143
140558,5185,867.5,1019,33691,7974,39363.5,20858
140407,6166.5,926,906,10293,4984,11346,14045
140283,7145,2994,984.5,3488,6550.5,15252.5,19532
140269,3015,1468,2526.5,13677,14372,15826,11953.5
140258,2031,572,981,9651.5,2688.5,8873,10633
140245,3725.5,1778.5,1366,2462.5,5341.5,8722,11547
140580,2288,881,1210,11399,8085.5,11774.5,13649
140571,6978,1154,723,16982.5,5188,7811.5,10348
140557,4869.5,2018,3410,2444,9117.5,28698.5,6520
140408,4515,836,2687.5,10822.5,4928,23890,8997
140284,4161,1522,1597,13759,5424,10134,15345.5
140268,1227.5,1000.5,877,5704,8060,12357.5,12358
140257,3066,1400,854,25205,6540.5,15046.5,5369.5
140246,2061,673,736,4139,1560,17872,10244
140581,4618.5,5520,5727.5,3765,3358,4202,6803
140572,4388,930,1416,17479,4913,21607,17387
140556,4098.5,1157.5,2093,15227.5,7224.5,13991,11774
140290,6713,18540,30105,5791.5,10023,30670,12339
140285,5233,1483,1857,14907,6791,15491.5,8306.5
140267,1437,583,828.5,3657,1343,6146.5,5559
140256,5656.5,972,2211,13598,1579,23014,3355
140244,4604,831,925,13232,6378,17053.5,19094
140582,2603,4427,1003.5,8857.5,7091.5,13060,13357
140573,2014.5,1445,1176,6352,7856,9296,12585
140555,9294,1785.5,2015.5,23982.5,7849,18794,26553.5
140289,3678,1348,1862,6614,5909.5,10235,10135.5
140286,3571,1296,1786,19324,5862,13222.5,11611.5
140266,3276,4344,6339.5,8362,4254,17226.5,10480.5
140255,2987,2026.5,2086.5,3130.5,6615,21687.5,8416
140243,2383,2596,1914.5,9949,3977.5,23060,18067.5
140583,3022,2863.5,2422,13387.5,2031,15633.5,15904
140563,4319,1632,1705,7052.5,5920,9398,16011.5
140554,3920,2002,2719,5461,8321.5,20500,16593
140276,4281.5,1043,1045,17526,7314,9471.5,12493
140288,3601,594,1079,4996,5023.5,7897.5,18817
140265,3937,8051,668.5,12002.5,9854,10270,20846
140254,2656,1649,3450,35374,2724,5673,9251
140242,3109,1331,1337,7337,8830,26335,12541.5
140574,5078.5,948,1006.5,10458.5,4628,13977.5,9440.5
140564,1402,653.5,753,6994,1087,4485.5,8638
140553,3133,1164,1183.5,7708,5094,17456,13292
140277,2082.5,1330.5,756,6526,2844,6872,6208
140275,7123,10194,2898,10036.5,8415,16854,42569
140264,2210,567,941,5430,7168.5,17872,7249
140253,2596,1443,1771.5,4005.5,9668,17687,14923
140241,2263,1229,1834.5,12929,5328,7593.5,17894.5
140576,2757,7108,660,17071.5,5891,11688,19025
140565,3154,1116,889,10593,5086,12116.5,20523
140552,3936,1440.5,4939,4517,2499.5,6878,11272
140278,4790,482.5,529,12514,1876,18264,12788
140274,2931.5,696.5,1245,5469,3364,11437.5,12383
140263,3545,1000,856.5,17341,4892,16924,12697
140252,4075,3638,3120,11161.5,4665.5,6922,8490
140240,3291,4318,1952,12136,4276,19912.5,13053.5
140577,4736,884,2423,14295,10980.5,9018,27049
140566,2583,692,863,2760,3818,8028.5,7310.5
140551,3160.5,922,2048,5277,2437,5739,8626
140550,3261.5,1158,1887,12745,3408,10597,12553
140543,2986.5,1453,5269,9067,7328.5,20027.5,17733
140342,9321,2010.5,3116.5,12495,3653.5,14902,8168
140310,4098,2016,1616,3969,6078.5,12085,13729
140306,8183,5049,6904,27580,19001,27626,26691.5
140394,2604,2442,1329,10115,13812,30001,30070
140392,2233,1974.5,1694.5,5177,3457.5,11751,11454
140600,5609,5841.5,1929,16194,5267.5,5614,18840
140549,4545,1826,1773,4143,4104,5870,6226
140335,3818,713,997.5,8465,9203,11833,13991
140323,5714.5,2645,4400,8142,3781,5786,9873
140311,5459,1512.5,1451,10951,6574,18240,30554.5
140302,2210,5859,1308.5,8430.5,10052,18794,23567
140391,2132,3014,1397,22714,7276,20662,20765.5
140588,3282,2125,1270.5,22991,13416.5,24098,16914
140591,5979,2554,2369,2638,1766,4612,11054.5
140548,5659,11762,1455,12602,6119.5,4724,9262.5
140353,4882,1914.5,1754,14749,8686,9686.5,16726
140330,5121.5,1174,1624,7649,3870.5,7370,12237
140314,3762,1946.5,5839,4675,6753,19370,5849.5
140292,2797,1706,4155.5,3581,3832,12775,20662
140390,11618.5,3710,3623,15283,5684,22230,9054
140587,9370,1344,1937.5,22022,9587,10601,19843.5
140590,7240,6764,1881,20189,10207,17272,25354.5
140547,1602,1432.5,1638,6039,6023,14531,15507
140327,1826.5,1321.5,2890,8266,6571,8675,10072
140320,4539,1242,2193,3186,1793,9258,4651.5
140317,14891.5,12109,14966,23821,4394.5,22184,19140
140293,2771,1252,1842.5,14407.5,6895.5,11754,13584
140377,2299,1164,1253,29056,5684.5,12286,17226
140370,2740,1514,1801,6916,4589.5,12455,16390
140599,8021,459,821,4084,3457,20131,5478.5
140544,3664,6055.5,1957,12957,3741,19993,25458
140333,4274.5,15378,1380.5,13621,1706,3835,18840
140324,2739,1157,1649.5,22668,5078,13381,14034
140322,5242.5,2500,10985,4005,3161,6288,14432
140294,2609,3673,2564,1635,1527,2780.5,8809
140363,7614,2384,3673.5,20788.5,6602,13568.5,25020
140589,3987,1653.5,2646,7352,5177,12519,10562.5
140601,2882,826.5,713,5684,10435,14984,10246
140543,2202,1037,4010.5,5303,4048.5,13879,11432
140352,3552,2630.5,3031.5,7240,3185.5,3665,18794
140325,1389.5,1044,2108,3629,2451,8722,2665
140321,4662,1480,4632.5,4995,4005.5,8994,5461
140295,2844,1291.5,742.5,12638,860,5797.5,7942.5
140389,6281,9417,5069.5,13281,10014,17375.5,22656.5
140596,2529.5,1349,4712,7593,2068.5,13710,6474
140594,4210.5,1329.5,2243,6769,9243,17295,21849.5
140541,2797,2106,4511.5,8131,1460,6151,12757
140349,3001,2026,3422,10365.5,7763,14655,12498.5
140328,3374,1974,1954.5,6019.5,5591,11420,10503
140315,1975.5,3468,2133.5,1865,2189,4404.5,16694
140305,1540.5,586,1628,3191.5,522,1127.5,2708
140364,2370,1343,410,2883,7272,14494,6971.5
140598,6058,830.5,1707.5,2592,1461,4997,9058
140596,2818,1368,4738,8955.5,2529.5,15428,7805
140539,4031,1132,1215,8600,6345,7647,9935
140350,4010,3074,3797,7720,3803,5746,16726.5
140329,6634,5158,1252,36953.5,4485,13828,23083
140316,2749,1615,5204,18448,9041,7046,14397.5
140301,3396.5,2305,831,6244,13447,21019.5,16851.5
140397,2244.5,1564,2407,5069.5,3083.5,7552,7233
140593,1511,621.5,2794.5,22402.5,2456.5,8553,19209
140388,6618.5,4424,2807,30831,10069.5,13326,21192
140537,2846.5,2704,1507,2316.5,5616.5,6823,11369
140334,2910,3763,2463.5,11116.5,4067,16287,12655.5
140313,5114.5,1382.5,4745,12464,2685,11807,9846
140318,4390,2298.5,2566,3995,3568,7969,15832
140393,4387,2501,2475,9231.5,1833,9066,5250
140341,3124,2548,960,26611,9098.5,20224,14540
140595,3172,802.5,1026,15088,3714,12702,21792
140386,8800.5,1143,2609,4518.5,1248,1768,8698
140535,2509,673,1359,3810,2909,6792.5,13165
140348,9164,783.5,1135,8836,5926,21331,15568
140312,1616,1894,2666,10751,6222.5,11072.5,23970.5
140308,19877.5,1996.5,1668,4927.5,12714,18863,24063.5
140398,2503.5,903,1401,15778,5115,22253,16411
140346,6496,2088,4566.5,10813,5598,18252,14366.5
140589,3295,1302,2261,5855,4164,10382,8994
140387,4693,1001,1407,7411,3982,8286.5,5867
140542,3659.5,2626,4352,7124,4348,5847,18620.5
140351,4046,629,1466,8688.5,3608,11521,9294
140309,4350,1555,2128,1956,6459,1512,21492
140307,3328,2004,2432.5,8946.5,5825,17156,15673
140395,2965.5,928,1269,7662,6803,18448,11530
140396,2223.5,1922,2819,26427,8110,22091,17226
140592,6119,3153.5,2950,15246,7355.5,18333,20281.5
140385,5845,807,2404.5,15254,13016.5,23867,15711.5
140379,4277.5,8879,2543,22045,9625,14934,18609
140371,2773,1276,2942.5,1687,3255,8851.5,8791
2771,2560,1370,790,15949,4584,17020,19174.5
2745,6277,1623,1135,22806,13553,7014,32445
2727,2950,4691,1971,4412,15324,27280,23383
2714,5202,1358,1767,20027.5,7209.5,1031,21895.5
2696,2058.5,1209.5,2215.5,7690,15811.5,23152,29286
2684,4037.5,966,694,12261,7482.5,14697.5,6678
140381,4056.5,3651,1676,22576,16012,28329.5,42269
140376,3000,883,1663,21319,5576,17848.5,24432
2759,4637.5,892.5,620,21792,6954,16816,19647
2746,9437,11666,2125,12809.5,12747,23971,16613
2729,5030,1140,1294,24801.5,8202,22829.5,23890
2708,4589,776,1002,8923,5795,19140,22899
2694,3665,1120.5,6570,14282,4088,17283.5,9812
2676,30681.5,416,1634.5,14523,2748,9350,6122
140382,6907,2857,2929,20201,2419,11950,16036
2772,2512,2592,1887,21861,8515.5,11308.5,27038
2760,4818.5,9176,817,6548,4202,17190,9665
2747,6188,2390,1633,16245,9034.5,24490,22714
2734,2718,635,692,5103.5,2894,7865,16595
2712,2247,1357,767,13660,5404,9841,15143
2690,7092.5,2703,1891.5,5001,7051,19255,12591.5
2681,2357.5,1178,1591,25550,2250,9025,22852
140384,4194,2089,3442,19001,3138,7459.5,11312
2766,1679,996,769,12545,7890,8684,14570
2761,3459,1489,3811.5,18932,11509,17180,12535
2748,6928.5,2150,4132.5,23383,7808,16287,15921
2736,3863,1085,468.5,23198,3813,16766,14646
2706,4201,2767.5,2924,21769,12030.5,30900,18033
2688,2483,581,701,10578,9035,11364.5,10891
2674,4374,5717,961,8713,3883.5,13142,13017
140383,4467,4178,2584.5,5692,11727.5,16818,13868
2774,3679,2012.5,2390.5,3728.5,1831,4926,10500
2763,4003,10757,3736,14805,2034,13688,20212.5
2749,3479,1521,2426.5,18632,3220,8048.5,18194
2718,5824,650,793,15307.5,5518,33414,13977
2703,3938,6983,1104,18690.5,16917,38303,22345
2687,2686,7493,1058,22276,1838.5,4691,20050.5
2673,3506.5,1378,1584,4115,3339,7394.5,7567
140380,4687,3208,1472.5,18897.5,6228.5,27165,21284.5
2768,5653,1222,1486,4102.5,1934,4565,9482.5
2765,2082,639,949,13789.5,5732,15493,28582.5
2738,4449,1713.5,1082,26242,6642,24098,24247.5
2720,3007,5004,2303,7064,5112,12017,37011
2710,1558,3765,1638.5,25112,3600,16745,15929
2686,3488.5,1666,675,22253,2353,17733,12976
2672,8957,898,1080,10535,7839,14819.5,27441
140375,5847,1223,1683,4246,16075,27061,16784
2776,3106,1093,1343,10287.5,13386,36781,14148
2751,2690,580,818,15099,4444,14580,10346
2739,2419.5,919,865,11042,3202,12931,14420
2721,6849,1758,2551,30209,4262,10932,30024
2704,2557,2508,2052,8570,4990,14460,13847
2685,2601.5,883,782,15906,7522,5955,19255
2671,6007,1148,3206,16318,6250,14299,5590
140368,3231,1075.5,1277,15442.5,1255,4319.5,6953.5
2769,3928,846.5,1058,7926,7651,6536.5,20569.5
2752,2038,1166.5,968,34578.5,6182.5,19024.5,22184
2741,3713.5,2810,1522,3317.5,1883,8073.5,11301
2722,6153,2108,2739.5,14084,5552,11512,22876
2705,3801.5,2219,1832.5,11193,4239.5,4916,17872
2680,2713,737.5,1031,11219.5,3715,20154,7180
2670,3982.5,1344.5,773,14743,9162.5,29505.5,12748
140374,2866.5,825,822,13537,7278.5,13331,11350
2779,5528,1798,2086,29159.5,3426,5618,21849.5
2753,1724,973,824,20419.5,7453,41623,24813
2742,6131,1670.5,1473,3747,7353,16189,20650.5
2723,4283.5,1931,1840,8930.5,2675,7056,27764
2702,2511,1675.5,1653,12947.5,8809,20454,26000.5
2679,3810,1176.5,1318,19509,8363,20777,20950
2675,5652,2080.5,1806.5,9640.5,5014,10482.5,13324
140372,2970.5,26703,1218.5,6853,4189.5,20362,28479
2770,3474,5195.5,9162.5,10271,5829,12048,16346
2755,4737,2555.5,2578,9909,5571,9667,16538.5
2743,5537.5,1190,2086,5409,6962,10065,11862.5
2709,8995,2174.5,1504,13854,2670,21203.5,7131.5
2700,3307.5,601,585,14216.5,4570,22760,20984.5
2678,1198.5,2290,973,3517,1345,2927.5,9226.5
2682,4643,2100,421,9063.5,12144,18356,11394
140369,3968,1661,4816.5,46696.5,8741.5,13792,29263
27784,2108,1388,2576,23371.5,2031,9830,12423.5
2756,2075,689,904,6770,4065,6335,13862.5
2726,4466,547,746,17272,2847,3411,6241.5
2711,8419,1597.5,1780,3507,4438.5,6803,19255
2697,2252,1938.5,1942.5,14704,8041,12456,10592
2677,4454,960,1078,11200,6655,11099,15473
2669,2290,1786,3687.5,5276.5,1297.5,10546,7990
